Links,Locations,Currency
https://au.benetton.com,Australia,AUD
https://at.benetton.com,Austria,EUR
https://be.benetton.com,Belgium,EUR
https://bg.benetton.com,Bulgaria,BGN
https://cz.benetton.com,Czech Republic,CZK
https://hr.benetton.com,Croatia,EUR
https://dk.benetton.com,Denmark,DKK
https://de.benetton.com,Deutschland,EUR
https://es.benetton.com,España,EUR
https://ee.benetton.com,Estonia,EUR
https://fi.benetton.com,Finland,EUR
https://fr.benetton.com,France,EUR
https://gr.benetton.com,Ελλάδα,EUR
https://ie.benetton.com,Ireland,EUR
https://it.benetton.com,Italia,EUR
https://lu.benetton.com,Luxembourg,EUR
https://lv.benetton.com,Latvia,EUR
https://lt.benetton.com,Lithuania,EUR
https://nl.benetton.com,Netherlands,EUR
https://pl.benetton.com,Poland,PLN
https://pt.benetton.com,Portugal,EUR
https://ru.benetton.com,Россия,EUR
https://sk.benetton.com,Slovakia,EUR
https://si.benetton.com,Slovenia,EUR
https://se.benetton.com,Sweden,SEK
https://ch.benetton.com,Switzerland,CHF
https://tr.benetton.com,Türkiye,EUR
https://gb.benetton.com,United Kingdom,GBP
https://us.benetton.com,USA,USD
https://mx.benetton.com,Mexico,null
https://in.benetton.com,India,INR
https://www.benetton.jp,日本,EUR
http://www.benettonmall.com,대한민국,EUR
https://world.benetton.com/es,Aruba,EUR
https://world.benetton.com/es,Belize,EUR
https://world.benetton.com/es,Bermuda,EUR
https://la.benetton.com,Bolivia,EUR
https://la.benetton.com,Chile,EUR
https://world.benetton.com/es,Colombia,EUR
https://world.benetton.com/es,Costa Rica,EUR
https://world.benetton.com/es,Cuba,EUR
https://world.benetton.com/es,Ecuador,EUR
https://world.benetton.com/es,El Salvador,EUR
https://world.benetton.com/es,Guadalupe,EUR
https://world.benetton.com/es,Guatemala,EUR
https://world.benetton.com/es,Honduras,EUR
https://world.benetton.com/es,Nicaragua,EUR
https://world.benetton.com/es,Panama,EUR
https://la.benetton.com,Paraguay,EUR
https://la.benetton.com,Peru,EUR
https://world.benetton.com/es,Puerto Rico,EUR
https://world.benetton.com/es,República Dominicana,EUR
https://world.benetton.com/es,Trinidad y Tobago,EUR
https://la.benetton.com,Uruguay,EUR
https://world.benetton.com/es,Venezuela,EUR
https://world.benetton.com,World,EUR
