Links,Description
https://www.libertyshoes.com/5a99d2ex_c2090-305_test-software/,c2090-305 test software
https://www.libertyshoes.com/5a99d2ex_1y0-306_exam-questions-vce/,1y0-306 exam questions vce
https://www.libertyshoes.com/5a99d2ex_c4110-ss2_study-guide-book/,c4110-ss2 study guide book
https://www.libertyshoes.com/5a99d2ex_p6040-018_answers/,p6040-018 answers
https://www.libertyshoes.com/5a99d2ex_gb0-283_book/,gb0-283 book
https://www.libertyshoes.com/5a99d2ex_cat-020_exam/,cat-020 exam
https://www.libertyshoes.com/5a99d2ex_920-159_vce-files/,920-159 vce files
https://www.libertyshoes.com/5a99d2ex_ge0-807_pdf-exams/,ge0-807 pdf exams
https://www.libertyshoes.com/5a99d2ex_200-550_pdf-answers/,200-550 pdf-answers
https://www.libertyshoes.com/5a99d2ex_rpft_certification-exams/,rpft certification exams
https://www.libertyshoes.com/5a99d2ex_070-290_exam-questions-vce/,070-290 exam questions vce
https://www.libertyshoes.com/5a99d2ex_m8010-246_certification/,m8010-246 certification
https://www.libertyshoes.com/5a99d2ex_070-568_study-material/,070-568 study material
https://www.libertyshoes.com/5a99d2ex_cat-260_braindump/,cat-260 braindump
https://www.libertyshoes.com/5a99d2ex_gb0-500_try-free-demo/,gb0-500 try free demo
https://www.libertyshoes.com/5a99d2ex_712-50_practice/,712-50 practice
https://www.libertyshoes.com,Home
https://www.libertyshoes.com/about-us,About Us
https://www.libertyshoes.com/about-us,Who we are 
https://www.libertyshoes.com/vision,Vision 
https://www.libertyshoes.com/our-journey,Our Journey 
https://www.libertyshoes.com/founding-fathers,Our Founding Fathers 
https://www.libertyshoes.com/promoters,The Group Promoters 
https://www.libertyshoes.com/creativity-center,Creativity Center 
https://www.libertyshoes.com/social-responsibility,Social Responsibility 
http://investor.libertyshoes.com/,Investor Relations
https://www.libertyshoes.com,Brand
https://www.libertyshoes.com/aha,AHA
https://www.libertyshoes.com/coolers,Coolers
https://www.libertyshoes.com/force10,Force10
https://www.libertyshoes.com/footfun,Footfun
https://www.libertyshoes.com/fortune,Fortune
https://www.libertyshoes.com/gliders,Gliders
https://www.libertyshoes.com/healers,Healers
https://www.libertyshoes.com/leap7x,Leap7x
https://www.libertyshoes.com/prefect,Prefect
https://www.libertyshoes.com/senorita,Senorita
https://www.libertyshoes.com/our-network,Our Network
https://www.libertyshoes.com/become-a-distributor,Become a Distributor
https://www.libertyshoes.com/our-franchisee,Our Franchisee
https://www.libertyshoes.com/market,Market
https://www.libertyshoes.com/store-locator,Store Locator
http://investor.libertyshoes.com/,Investor Relations
https://www.libertyshoes.com/category/special-occasions,Media
https://www.libertyshoes.com/category/news,News
https://www.libertyshoes.com/category/advertisements,Advertisements
https://www.libertyshoes.com/category/press-coverage,Press Coverage
https://www.libertyshoes.com/contact-us,Contact Us
https://www.facebook.com/libertyshoes,
https://www.libertyshoes.com/about-us,Who we are 
https://www.libertyshoes.com/vision,Vision 
https://www.libertyshoes.com/our-journey,Our Journey 
https://www.libertyshoes.com/founding-fathers,Our Founding Fathers 
https://www.libertyshoes.com/promoters,The Group Promoters 
https://www.libertyshoes.com/creativity-center,Creativity Center 
https://www.libertyshoes.com/social-responsibility,Social Responsibility 
http://investor.libertyshoes.com/,Investor Relations
https://www.libertyshoes.com/aha,AHA
https://www.libertyshoes.com/coolers,Coolers
https://www.libertyshoes.com/force10,Force10
https://www.libertyshoes.com/footfun,Footfun
https://www.libertyshoes.com/fortune,Fortune
https://www.libertyshoes.com/gliders,Gliders
https://www.libertyshoes.com/healers,Healers
https://www.libertyshoes.com/leap7x,Leap7x
https://www.libertyshoes.com/prefect,Prefect
https://www.libertyshoes.com/senorita,Senorita
https://www.libertyshoes.com/become-a-distributor,Become a Distributor
https://www.libertyshoes.com/our-franchisee,Our Franchisee
https://www.libertyshoes.com/market,Market
https://www.libertyshoes.com/store-locator,Store Locator
https://www.libertyshoes.com/category/news,News
https://www.libertyshoes.com/category/advertisements,Advertisements
https://www.libertyshoes.com/category/press-coverage,Press Coverage
#,About ushrefWE ARE ABOUT PEOPLE
https://www.libertyshoes.com/about-us/,WHO WE ARE
https://www.libertyshoes.com/vision/,Vision
https://www.libertyshoes.com/our-journey/,OUR JOURNEY
https://www.libertyshoes.com/founding-fathers/,OUR FOUNDING FATHERS
https://www.libertyshoes.com/promoters/,THE GROUP PROMOTERS
https://www.libertyshoes.com/creativity-center/,Creativity Center
https://www.libertyshoes.com/social-responsibility/,Social Responsibility
https://investor.libertyshoes.com/,INVESTOR RELATIONS
#,BRANDShrefMULTIPLE GLOBAL BRANDS
https://www.libertyshoes.com/aha/,AHA
https://www.libertyshoes.com/coolers/,Coolers
https://www.libertyshoes.com/footfun/,Footfun
https://www.libertyshoes.com/force10/,Force10
https://www.libertyshoes.com/fortune/,Fortune
https://www.libertyshoes.com/gliders/,Gliders
https://www.libertyshoes.com/healers/,Healers
https://www.libertyshoes.com/leap7x/,leap7x
https://www.libertyshoes.com/prefect/,Prefect
https://www.libertyshoes.com/senorita/,Senorita
#,OUR NETWORKhrefBUILDING PROFITABLE PARTNERSHIPS
https://www.libertyshoes.com/our-network/,Our Network
https://www.libertyshoes.com/become-a-distributor/,Become a Distributor
https://www.libertyshoes.com/our-franchisee/,Our Franchisee
https://www.libertyshoes.com/market/,Market
https://investor.libertyshoes.com/,INVESTOR RELATIONShrefSAFETY OF OUR CUSTOMERS & INVESTORS IS PARAMOUNT
https://www.libertyshoes.com/contact-us/,Contact UshrefSTAY CONNECTED
https://www.libertyshoesonline.com/,SHOP ONLINE
https://www.libertyshoes.com/about-us/,WHO WE ARE
https://www.libertyshoes.com/vision/,Vision
https://www.libertyshoes.com/our-journey/,OUR JOURNEY
https://www.libertyshoes.com/founding-fathers/,OUR FOUNDING FATHERS
https://www.libertyshoes.com/promoters/,THE GROUP PROMOTERS
https://www.libertyshoes.com/creativity-center/,Creativity Center
https://www.libertyshoes.com/social-responsibility/,Social Responsibility
https://investor.libertyshoes.com/,INVESTOR RELATIONS
https://www.libertyshoes.com/aha/,AHA
https://www.libertyshoes.com/coolers/,Coolers
https://www.libertyshoes.com/footfun/,Footfun
https://www.libertyshoes.com/force10/,Force10
https://www.libertyshoes.com/fortune/,Fortune
https://www.libertyshoes.com/gliders/,Gliders
https://www.libertyshoes.com/healers/,Healers
https://www.libertyshoes.com/leap7x/,leap7x
https://www.libertyshoes.com/prefect/,Prefect
https://www.libertyshoes.com/senorita/,Senorita
https://www.libertyshoes.com/our-network/,Our Network
https://www.libertyshoes.com/become-a-distributor/,Become a Distributor
https://www.libertyshoes.com/our-franchisee/,Our Franchisee
https://www.libertyshoes.com/market/,Market
https://www.libertyshoes.com/category/news/,News
https://www.libertyshoes.com/category/advertisements/,Advertisements
https://www.libertyshoes.com/category/press-coverage/,Press Coverage
https://www.libertyshoes.com/aha/,AHA
https://www.libertyshoes.com/coolers/,Coolers
https://www.libertyshoes.com/footfun/,Footfun
https://www.libertyshoes.com/force10/,Force10
https://www.libertyshoes.com/fortune/,Fortune
https://www.libertyshoes.com/gliders/,Gliders
https://www.libertyshoes.com/healers/,Healers
https://www.libertyshoes.com/leap7x/,leap7x
https://www.libertyshoes.com/prefect/,Prefect
https://www.libertyshoes.com/senorita/,Senorita
https://www.libertyshoes.com/our-network/,Liberty Exclusive Showrooms
https://www.libertyshoes.com/our-network/,Multi-Brand Outlets
https://www.libertyshoes.com/our-network/,Liberty Factory Price Stores
https://www.libertyshoesonline.com/,Liberty Online Store
https://www.libertyshoes.com/our-network/,Export Market
https://www.libertyshoes.com/our-network/,Institutional Sales
https://investor.libertyshoes.com/,Investor Relations
https://www.libertyshoes.com/contact-us/,Contact Us
https://www.libertyshoes.com/terms-and-conditions/,Terms and Conditions
https://www.libertyshoes.com/privacy-policy/,Privacy Policy
https://www.libertyshoes.com/sitemap/,Sitemap
